<?xml version="1.0" encoding="UTF-8"?>

<mule xmlns:twitter="http://www.mulesoft.org/schema/mule/twitter"
	xmlns:scripting="http://www.mulesoft.org/schema/mule/scripting"
	xmlns:http="http://www.mulesoft.org/schema/mule/http" xmlns="http://www.mulesoft.org/schema/mule/core" xmlns:doc="http://www.mulesoft.org/schema/mule/documentation"
	xmlns:spring="http://www.springframework.org/schema/beans" 
	xmlns:xsi="http://www.w3.org/2001/XMLSchema-instance"
	xsi:schemaLocation="http://www.springframework.org/schema/beans http://www.springframework.org/schema/beans/spring-beans-current.xsd
http://www.mulesoft.org/schema/mule/http http://www.mulesoft.org/schema/mule/http/current/mule-http.xsd
http://www.mulesoft.org/schema/mule/scripting http://www.mulesoft.org/schema/mule/scripting/current/mule-scripting.xsd
http://www.mulesoft.org/schema/mule/twitter http://www.mulesoft.org/schema/mule/twitter/current/mule-twitter.xsd
http://www.mulesoft.org/schema/mule/core http://www.mulesoft.org/schema/mule/core/current/mule.xsd">
    <http:listener-config name="HTTP_Listener_Configuration" host="localhost" port="8081" basePath="update" doc:name="HTTP Listener Configuration"/>
    <twitter:config name="Twitter__Configuration" accessKey="3044733376-CPeJ2VF89ewh01kxvA04Gv5YQMYMAvcXiY8NWoI" accessSecret="iqN2g73vLUqUFYU8HvmK3WLAw8MV3zrdXT0ygFIQmtjl1" consumerKey="xYayQTxtvA95rYkMEV4uUcS9j" consumerSecret="m9xgyJbIovYFvChopYy1Dg8IqINebJpyMObClHi5QogL53gxss" doc:name="Twitter: Configuration"/>    <flow name="motiondetectorFlow">
        <http:listener config-ref="HTTP_Listener_Configuration" path="/" doc:name="HTTP"/>
        <scripting:transformer doc:name="Webcam + ImgUR">
            <scripting:script engine="jython" file="/home/pi/motionDetector/imgur.py"/>
        </scripting:transformer>
        <set-payload value="#['Object detected '+message.payload]" doc:name="Set Payload"/>
        <scatter-gather doc:name="Scatter-Gather">
            <twitter:update-status config-ref="Twitter__Configuration" status="#[message.payload]" doc:name="Twitter"/>
            <echo-component doc:name="Echo"/>
        </scatter-gather>
    </flow>
</mule>

